Food Name,State,Cuisine,Meal Type,VegNovVeg,Calories,Protein,Fat,Carbs,Fiber,Iron,Calcium
Pesarattu,Andhra Pradesh,South Indian,Breakfast,0,220,9.2,5.1,38.4,6.2,2.1,45
Andhra Idli,Andhra Pradesh,South Indian,Breakfast,0,150,4.8,0.8,32.2,1.8,0.4,22
Karam Dosa,Andhra Pradesh,South Indian,Breakfast,0,210,5.1,4.8,36.4,2.0,0.8,25
Gongura Mutton Curry,Andhra Pradesh,Andhra,Lunch,1,340,24.2,21.0,6.4,2.8,3.8,62
Andhra Chicken Curry,Andhra Pradesh,Andhra,Lunch,1,280,22.8,16.4,5.2,1.4,2.2,40
Pappu Charu,Andhra Pradesh,Andhra,Lunch,0,180,7.8,4.2,26.5,4.8,1.8,38
Gongura Pappu with Rice,Andhra Pradesh,Andhra,Dinner,0,310,9.5,5.8,54.2,5.1,2.4,48
Gutti Vankaya Kura,Andhra Pradesh,Andhra,Dinner,0,190,3.2,14.5,12.8,3.6,1.9,35
Andhra Tomato Rasam,Andhra Pradesh,Andhra,Dinner,0,65,1.2,2.1,9.8,1.2,0.9,15
Mirchi Bajji,Andhra Pradesh,Andhra,Snack,0,185,3.4,12.2,16.4,2.1,0.8,18
Punugulu,Andhra Pradesh,Andhra,Snack,0,210,4.2,11.5,23.8,1.6,0.6,20
Andhra Chekodilu,Andhra Pradesh,Andhra,Snack,0,160,2.8,8.9,18.2,0.8,0.5,12
Pootharekulu,Andhra Pradesh,Andhra,Dessert,0,280,2.1,12.8,41.5,0.5,0.4,15
Sunnundalu,Andhra Pradesh,Andhra,Dessert,0,260,6.2,14.8,28.4,1.2,0.8,35
Kobbari Lauz,Andhra Pradesh,Andhra,Dessert,0,220,2.4,11.2,27.5,1.8,0.6,18
Nannari Sarbath,Andhra Pradesh,Andhra,Beverage,0,90,0.1,0.0,22.4,0.0,0.2,8
Andhra Majjiga,Andhra Pradesh,Andhra,Beverage,0,45,1.8,1.5,4.2,0.0,0.1,65
Ragi Ambali,Andhra Pradesh,Andhra,Beverage,0,110,2.4,1.1,22.8,2.6,1.8,110
Khura Pancake,Arunachal Pradesh,Tribal,Breakfast,0,180,3.8,4.2,31.5,2.4,0.8,24
Arunachal Rice Porridge,Arunachal Pradesh,Tribal,Breakfast,0,140,2.6,1.2,28.5,1.2,0.5,18
Thukpa Breakfast Bowl,Arunachal Pradesh,Tibetan,Breakfast,0,220,6.4,3.5,41.2,3.1,1.4,32
Lukter Meat,Arunachal Pradesh,Tribal,Lunch,1,290,24.5,18.2,3.2,0.8,2.5,45
Gyapa Khazi,Arunachal Pradesh,Tribal,Lunch,0,240,5.8,8.4,36.5,2.1,1.2,30
Bamboo Shoot Fried Rice,Arunachal Pradesh,Tribal,Lunch,0,280,5.2,6.4,51.2,3.2,1.5,28
Wungwut Ngam Chicken,Arunachal Pradesh,Tribal,Dinner,1,310,26.4,19.5,4.2,1.2,2.4,42
Chura Sabji,Arunachal Pradesh,Tribal,Dinner,0,195,8.4,12.8,11.2,1.8,0.8,120
Pike Pila Curry,Arunachal Pradesh,Tribal,Dinner,0,150,2.8,8.2,15.4,2.2,1.1,22
Vegetable Momo,Arunachal Pradesh,Tibetan,Snack,0,150,4.1,2.2,29.5,1.8,0.6,15
Pika Pila Pickle Snack,Arunachal Pradesh,Tribal,Snack,0,95,1.2,6.5,8.4,1.1,0.4,12
Roasted Maize,Arunachal Pradesh,Tribal,Snack,0,120,3.2,1.8,24.5,3.4,1.2,20
Koat Pitha,Arunachal Pradesh,Tribal,Dessert,0,210,2.8,7.4,34.2,1.4,0.6,25
Sweet Black Rice,Arunachal Pradesh,Tribal,Dessert,0,240,3.5,2.4,52.4,2.8,1.4,18
Honey Bap,Arunachal Pradesh,Tribal,Dessert,0,190,1.8,4.5,38.2,0.8,0.3,14
Apong Rice Beverage,Arunachal Pradesh,Tribal,Beverage,0,85,0.8,0.2,19.5,0.0,0.3,15
Arunachal Butter Tea,Arunachal Pradesh,Tibetan,Beverage,0,110,1.2,9.8,2.4,0.0,0.1,48
Black Tea with Honey,Arunachal Pradesh,Tibetan,Beverage,0,40,0.1,0.0,10.2,0.0,0.1,8
Jolpan Rice,Assam,Assamese,Breakfast,0,230,4.2,2.8,48.5,2.1,0.9,32
Assamese Pitha,Assam,Assamese,Breakfast,0,190,3.1,1.8,41.2,1.6,0.5,15
Kumol Chaul Porridge,Assam,Assamese,Breakfast,0,160,2.8,1.1,35.4,1.4,0.4,18
Masor Tenga Fish,Assam,Assamese,Lunch,1,210,18.5,11.2,8.4,1.2,1.9,38
Khar Papaya Curry,Assam,Assamese,Lunch,0,120,2.1,6.8,12.5,3.1,1.1,42
Duck Meat Curry,Assam,Assamese,Lunch,1,360,26.2,26.5,4.2,0.8,3.4,55
Aloo Pitika Mash,Assam,Assamese,Dinner,0,115,2.2,3.4,19.5,2.4,0.8,20
Mati Mahor Dal,Assam,Assamese,Dinner,0,180,9.8,2.4,30.5,5.4,2.6,68
Patot Diya Fish,Assam,Assamese,Dinner,1,175,19.2,9.8,2.1,0.0,1.4,30
Ghila Pitha,Assam,Assamese,Snack,0,210,2.9,9.4,29.5,1.1,0.4,14
Tekeli Pitha,Assam,Assamese,Snack,0,180,3.2,4.5,32.4,1.5,0.5,18
Assamese Singara,Assam,Assamese,Snack,0,195,3.4,10.8,22.1,1.8,0.6,12
Payas Rice Pudding,Assam,Assamese,Dessert,0,260,5.4,6.8,45.2,0.4,0.3,115
Narikolor Ladoo,Assam,Assamese,Dessert,0,230,2.5,12.4,28.5,1.9,0.5,22
Til Pitha,Assam,Assamese,Dessert,0,200,3.1,8.2,31.4,2.2,1.8,85
Lal Cha Assam Tea,Assam,Assamese,Beverage,0,30,0.2,0.0,7.5,0.0,0.2,6
Assam Milk Tea,Assam,Assamese,Beverage,0,90,2.2,3.1,14.2,0.0,0.1,88
Assam Green Tea,Assam,Assamese,Beverage,0,5,0.1,0.0,1.2,0.0,0.1,4
Sattu Paratha,Bihar,Bihari,Breakfast,0,290,8.8,9.4,43.5,5.2,2.4,45
Chura Dahi,Bihar,Bihari,Breakfast,0,240,7.1,5.2,41.8,2.1,0.8,120
Poori Aloo Sabji,Bihar,Bihari,Breakfast,0,320,6.4,16.5,38.2,3.1,1.4,30
Litti Chokha,Bihar,Bihari,Lunch,0,340,9.5,12.4,48.5,6.8,2.8,55
Dal Bhat Thali,Bihar,Bihari,Lunch,0,380,12.2,6.5,68.2,6.4,2.2,58
Chana Ghughni,Bihar,Bihari,Lunch,0,210,8.4,5.2,32.5,5.8,2.6,48
Baigan Bharta,Bihar,Bihari,Dinner,0,140,2.8,8.4,14.5,4.2,1.2,28
Bihari Kadhi Badi,Bihar,Bihari,Dinner,0,220,7.8,9.5,26.4,1.8,1.1,62
Lauki Kofta Curry,Bihar,Bihari,Dinner,0,160,3.4,10.2,14.8,2.6,1.5,40
Bihari Kachori,Bihar,Bihari,Snack,0,220,4.5,12.8,23.5,2.1,0.9,18
Jhalmuri Pack,Bihar,Bihari,Snack,0,130,2.8,4.2,21.4,1.8,0.7,15
Sattu Kachori,Bihar,Bihari,Snack,0,240,6.8,11.5,28.4,3.2,1.4,22
Thekua Sweet,Bihar,Bihari,Dessert,0,270,3.8,11.2,39.5,1.2,0.6,18
Khaja Sweet,Bihar,Bihari,Dessert,0,310,2.9,15.4,42.1,0.5,0.4,12
Anarsa Ladoo,Bihar,Bihari,Dessert,0,250,3.1,10.8,36.4,0.8,0.5,20
Sattu Sharbat Sweet,Bihar,Bihari,Beverage,0,150,5.4,1.1,30.2,3.8,2.1,35
Sattu Sharbat Salted,Bihar,Bihari,Beverage,0,120,5.5,1.2,22.4,3.9,2.2,38
Sugarcane Juice Cold,Bihar,Bihari,Beverage,0,110,0.2,0.1,27.5,0.5,0.6,25
Rice Chila,Chhattisgarh,Chhattisgarhi,Breakfast,0,170,3.1,2.4,34.2,1.5,0.4,15
Fara Steamed Rice,Chhattisgarh,Chhattisgarhi,Breakfast,0,150,3.4,1.1,31.8,1.8,0.5,18
Muthiya Dumpling,Chhattisgarh,Chhattisgarhi,Breakfast,0,160,4.2,3.2,28.5,2.1,0.8,28
Bore Basi Rice,Chhattisgarh,Chhattisgarhi,Lunch,0,210,4.1,1.2,45.8,2.4,0.6,22
Dubki Kadi,Chhattisgarh,Chhattisgarhi,Lunch,0,180,6.8,9.4,17.5,1.6,1.2,54
Amat Vegetable,Chhattisgarh,Chhattisgarhi,Lunch,0,140,2.4,5.8,19.8,3.5,1.4,32
Chana Dal Lauki,Chhattisgarh,Chhattisgarhi,Dinner,0,190,7.8,4.5,29.8,5.2,2.1,46
Chhattisgarh Bhajia Curry,Chhattisgarh,Chhattisgarhi,Dinner,0,230,5.4,14.2,20.5,2.1,1.1,35
Chausela Poori,Chhattisgarh,Chhattisgarhi,Dinner,0,280,4.5,15.8,30.2,1.8,0.8,22
Chhattisgarh Bara,Chhattisgarh,Chhattisgarhi,Snack,0,190,5.2,9.8,20.4,3.1,1.2,24
Bobra Sweet,Chhattisgarh,Chhattisgarhi,Snack,0,220,2.8,8.4,33.5,0.8,0.4,15
Bijori Crackers,Chhattisgarh,Chhattisgarhi,Snack,0,110,3.5,4.8,13.2,1.4,0.6,18
Khurmi Sweet,Chhattisgarh,Chhattisgarhi,Dessert,0,260,3.9,11.5,36.2,1.1,0.5,20
Chhattisgarh Kusli,Chhattisgarh,Chhattisgarhi,Dessert,0,280,4.2,12.8,38.4,1.5,0.7,24
Dehri Sweet Rabri,Chhattisgarh,Chhattisgarhi,Dessert,0,240,5.1,7.2,38.5,0.3,0.2,95
Mahua Flower Drink,Chhattisgarh,Chhattisgarhi,Beverage,0,95,0.4,0.1,23.2,0.8,0.4,18
Chhattisgarh Chaas,Chhattisgarh,Chhattisgarhi,Beverage,0,40,1.6,1.2,3.8,0.0,0.1,55
Rice Gruel Mand,Chhattisgarh,Chhattisgarhi,Beverage,0,70,1.1,0.3,15.4,0.6,0.3,12
Goan Bhaji Pav,Goa,Goan,Breakfast,0,260,6.4,9.8,36.5,4.2,1.8,38
Goan Polle,Goa,Goan,Breakfast,0,160,3.8,2.1,31.2,1.9,0.6,22
Goan Sana,Goa,Goan,Breakfast,0,140,3.2,1.4,28.5,1.5,0.4,18
Goan Fish Curry,Goa,Goan,Lunch,1,290,20.8,16.5,12.4,1.8,2.4,45
Chicken Xacuti,Goa,Goan,Lunch,1,320,24.5,22.1,8.4,2.1,2.2,42
Pork Vindaloo,Goa,Goan,Lunch,1,380,22.4,29.5,6.2,1.1,3.1,52
Shark Ambot Tik,Goa,Goan,Dinner,1,270,22.8,14.8,9.5,1.4,2.8,38
Chicken Cafreal,Goa,Goan,Dinner,1,310,25.1,18.9,5.8,1.6,2.5,40
Goan Vegetable Caldinha,Goa,Goan,Dinner,0,190,3.1,14.2,13.5,3.8,1.8,65
Rissois de Camarao,Goa,Goan,Snack,1,210,8.4,12.8,16.5,1.2,1.1,28
Goan Beef Samosa,Goa,Goan,Snack,1,240,9.2,14.5,19.8,1.8,1.6,32
Cutlet Bread Goan,Goa,Goan,Snack,1,290,12.4,11.2,34.5,2.4,1.8,35
Goan Bebinca,Goa,Goan,Dessert,0,350,4.2,18.5,42.5,0.8,0.5,60
Goan Dodol,Goa,Goan,Dessert,0,310,2.8,14.2,43.8,1.5,0.9,38
Goan Serradura,Goa,Goan,Dessert,0,280,3.4,16.8,29.2,0.3,0.2,85
Kokum Sharbat Cold,Goa,Goan,Beverage,0,80,0.1,0.0,19.8,0.8,0.6,12
Goan Sol Kadhi,Goa,Goan,Beverage,0,110,1.4,9.5,4.8,0.0,0.4,45
Feni Mocktail,Goa,Goan,Beverage,0,75,0.1,0.0,18.5,0.0,0.2,8
Khaman Dhokla,Gujarat,Gujarati,Breakfast,0,160,5.2,3.8,26.5,2.4,1.2,45
Gujarati Thepla,Gujarat,Gujarati,Breakfast,0,180,4.5,6.2,27.8,3.1,1.5,52
Fafda Jalebi Breakfast,Gujarat,Gujarati,Breakfast,0,340,6.8,18.5,38.5,2.1,1.8,38
Gujarati Thali Standard,Gujarat,Gujarati,Lunch,0,420,12.8,14.5,62.5,7.2,3.4,110
Undhiyu Mixed Curry,Gujarat,Gujarati,Lunch,0,240,5.4,15.8,20.4,6.2,2.8,75
Gujarati Khichdi Kadhi,Gujarat,Gujarati,Lunch,0,260,8.2,7.4,41.2,3.8,1.6,68
Bajra Rotlo Gujarat,Gujarat,Gujarati,Dinner,0,190,4.8,2.8,36.5,4.5,2.4,42
Sev Tameta Nu Shaak,Gujarat,Gujarati,Dinner,0,170,3.2,11.8,13.5,2.6,1.1,28
Gujarati Ringan Oro,Gujarat,Gujarati,Dinner,0,150,2.9,9.5,14.2,3.8,1.4,32
Gujarati Khandvi,Gujarat,Gujarati,Snack,0,120,3.8,4.5,16.2,1.5,0.8,24
Gujarati Muthiya,Gujarat,Gujarati,Snack,0,140,4.1,3.9,22.4,2.8,1.2,38
Gathiya Snack,Gujarat,Gujarati,Snack,0,180,4.8,11.2,16.5,1.8,0.9,22
Shrikhand Kesar,Gujarat,Gujarati,Dessert,0,290,6.2,10.5,42.4,0.2,0.2,180
Basundi Rabri,Gujarat,Gujarati,Dessert,0,310,7.4,12.8,41.5,0.0,0.3,210
Gujarati Kansar,Gujarat,Gujarati,Dessert,0,270,3.5,9.2,43.8,1.8,0.8,35
Gujarati Chaas Masala,Gujarat,Gujarati,Beverage,0,45,1.8,1.6,4.5,0.0,0.1,70
Gujarati Masala Chai,Gujarat,Gujarati,Beverage,0,95,2.4,3.2,14.8,0.0,0.2,92
Mango Aam Panna,Gujarat,Gujarati,Beverage,0,85,0.3,0.1,20.8,0.8,0.4,15
Bajra Aloo Paratha,Haryana,Haryanvi,Breakfast,0,270,6.8,9.5,40.5,5.1,2.5,40
Haryanvi Besan Chila,Haryana,Haryanvi,Breakfast,0,190,7.2,6.8,25.4,3.4,1.8,38
Dahi Roti Breakfast,Haryana,Haryanvi,Breakfast,0,220,6.5,4.8,38.2,2.8,0.9,95
Bajra Khichri Ghee,Haryana,Haryanvi,Lunch,0,310,8.4,12.8,41.2,5.8,2.9,48
Kachri Ki Sabji,Haryana,Haryanvi,Lunch,0,130,2.1,6.4,15.8,3.2,1.4,26
Haryanvi Kadi Pakora,Haryana,Haryanvi,Lunch,0,240,7.8,14.2,21.5,2.1,1.5,64
Singri Ki Sabji,Haryana,Haryanvi,Dinner,0,160,3.4,9.8,14.8,4.1,1.8,35
Bathua Raita Bowl,Haryana,Haryanvi,Dinner,0,85,3.8,4.2,8.4,1.9,1.2,140
Haryanvi Dal Fry,Haryana,Haryanvi,Dinner,0,190,9.2,5.4,26.5,5.2,2.1,45
Haryanvi Bhuda,Haryana,Haryanvi,Snack,0,140,4.2,2.1,26.5,2.8,1.1,22
Haryanvi Mathri,Haryana,Haryanvi,Snack,0,180,3.5,10.4,18.2,1.2,0.6,18
Roasted Gram Snack,Haryana,Haryanvi,Snack,0,120,6.8,2.2,19.5,4.5,1.8,30
Haryanvi Ghevar,Haryana,Haryanvi,Dessert,0,380,4.8,19.5,46.5,0.8,0.6,45
Haryanvi Malpua,Haryana,Haryanvi,Dessert,0,320,3.9,14.2,44.8,1.1,0.8,38
Meetha Karola,Haryana,Haryanvi,Dessert,0,250,3.1,8.4,40.5,1.5,0.5,25
Haryanvi Sweet Lassi,Haryana,Haryanvi,Beverage,0,190,5.4,7.2,26.5,0.0,0.2,180
Haryanvi Chaas Salted,Haryana,Haryanvi,Beverage,0,50,2.1,1.8,4.8,0.0,0.1,85
Haryanvi Thandai,Haryana,Haryanvi,Beverage,0,160,4.5,6.8,20.4,1.2,0.8,120
Himachali Siddu,Himachal Pradesh,Pahari,Breakfast,0,230,6.2,4.8,40.5,3.2,1.4,30
Himachali Babru,Himachal Pradesh,Pahari,Breakfast,0,210,5.4,8.2,29.5,2.8,1.1,28
Himachali Bhat Bowl,Himachal Pradesh,Pahari,Breakfast,0,160,3.1,2.4,31.8,1.8,0.6,18
Chana Madra Curry,Himachal Pradesh,Pahari,Lunch,0,240,8.2,12.4,24.5,5.2,2.4,120
Sepu Badi Curry,Himachal Pradesh,Pahari,Lunch,0,220,9.8,11.5,19.5,4.1,2.1,85
Patrode Rolls,Himachal Pradesh,Pahari,Lunch,0,180,5.4,7.2,23.8,3.8,1.8,48
Tudkiya Bhath Rice,Himachal Pradesh,Pahari,Dinner,0,290,6.2,8.5,48.2,3.2,1.5,35
Himachali Khatta Sabji,Himachal Pradesh,Pahari,Dinner,0,130,1.8,5.2,19.5,2.4,0.9,22
Pahari Mash Dal,Himachal Pradesh,Pahari,Dinner,0,190,10.4,2.1,32.5,6.2,2.8,70
Himachali Aktori,Himachal Pradesh,Pahari,Snack,0,170,3.5,6.2,25.4,1.9,0.8,22
Roasted Barley Snack,Himachal Pradesh,Pahari,Snack,0,110,3.2,1.2,22.4,4.2,1.6,25
Pahari Local Nuts Mix,Himachal Pradesh,Pahari,Snack,0,220,5.8,16.5,12.8,3.1,1.1,40
Mittha Sweet Rice,Himachal Pradesh,Pahari,Dessert,0,260,3.2,9.8,40.5,1.2,0.5,30
Bhey Lotus Stem Sweet,Himachal Pradesh,Pahari,Dessert,0,190,2.4,6.5,31.2,2.6,1.2,28
Sweet Babru Dessert,Himachal Pradesh,Pahari,Dessert,0,230,3.1,9.1,34.5,1.4,0.6,22
Seabuckthorn Juice Cold,Himachal Pradesh,Pahari,Beverage,0,75,0.4,0.1,18.2,1.1,0.8,15
Pahari Herbal Tea,Himachal Pradesh,Pahari,Beverage,0,10,0.1,0.0,2.4,0.0,0.1,5
Local Honey Water Warm,Himachal Pradesh,Pahari,Beverage,0,65,0.1,0.0,16.5,0.0,0.2,8
Jharkhand Dhuska,Jharkhand,Bihari,Breakfast,0,220,5.2,8.4,31.5,3.1,1.4,28
Chilka Roti Rice,Jharkhand,Tribal,Breakfast,0,140,2.8,1.1,29.8,1.2,0.4,15
Arsa Roti Rice Jaggery,Jharkhand,Tribal,Breakfast,0,190,2.4,6.2,31.8,1.1,0.6,32
Marua Roti Millet,Jharkhand,Tribal,Lunch,0,180,4.5,2.1,36.2,5.8,3.2,180
Rugra Mushroom Fry,Jharkhand,Tribal,Lunch,0,110,4.8,3.5,14.8,4.2,1.9,35
Bamboo Shoot stir-fry,Jharkhand,Tribal,Lunch,0,95,1.9,2.8,15.4,3.6,1.1,24
Jharkhand Kurthi Dal,Jharkhand,Tribal,Dinner,0,170,9.4,1.8,29.5,6.2,2.5,75
Aloo Chokha Mash,Jharkhand,Bihari,Dinner,0,115,2.1,3.2,19.4,2.2,0.8,18
Kofta Curry Jharkhand,Jharkhand,Bihari,Dinner,0,180,3.8,11.2,16.5,2.8,1.4,42
Steamed Pitha Jharkhand,Jharkhand,Tribal,Snack,0,160,3.4,1.2,33.8,1.9,0.5,18
Litti Chokha Snack,Jharkhand,Bihari,Snack,0,240,6.8,8.4,34.5,4.8,1.9,38
Marua Khakra,Jharkhand,Tribal,Snack,0,120,3.2,1.8,22.8,3.8,2.1,110
Malpua Jharkhand,Jharkhand,Bihari,Dessert,0,290,3.5,12.8,40.5,0.9,0.6,30
Dudh Pitha Sweet,Jharkhand,Tribal,Dessert,0,260,5.2,6.4,45.8,1.1,0.5,120
Khaja Jharkhand Sweet,Jharkhand,Bihari,Dessert,0,300,2.8,14.5,40.2,0.4,0.3,14
Sattu drink Salted,Jharkhand,Bihari,Beverage,0,110,5.2,1.1,20.4,3.6,2.1,35
Wood Apple Juice,Jharkhand,Tribal,Beverage,0,95,0.6,0.1,23.2,2.4,0.8,20
Mahua Tea Herbal,Jharkhand,Tribal,Beverage,0,20,0.2,0.0,4.8,0.0,0.1,8
Neer Dosa Karnataka,Karnataka,South Indian,Breakfast,0,140,2.8,2.4,26.8,1.1,0.4,18
Rava Idli,Karnataka,South Indian,Breakfast,0,180,5.1,3.2,32.5,1.8,0.8,30
Maddur Vada,Karnataka,South Indian,Breakfast,0,230,4.8,12.5,24.5,2.2,1.1,25
Bisi Bele Bath,Karnataka,South Indian,Lunch,0,320,8.4,9.5,50.2,4.8,1.8,48
Ragi Mudde Meal,Karnataka,South Indian,Lunch,0,260,5.8,2.1,54.8,7.8,3.2,220
Karnataka Veg Thali,Karnataka,South Indian,Lunch,0,410,11.2,12.8,62.8,6.8,3.2,120
Jowar Roti Karnataka,Karnataka,South Indian,Dinner,0,160,4.2,1.5,32.4,4.5,2.2,40
Yennegai Brinjal Curry,Karnataka,South Indian,Dinner,0,190,2.8,14.5,12.2,3.4,1.6,35
Karnataka Curd Rice,Karnataka,South Indian,Dinner,0,180,4.8,5.2,28.5,0.6,0.4,110
Mangalore Bajji,Karnataka,South Indian,Snack,0,210,4.2,11.8,21.8,1.4,0.6,20
Churumuri Snack,Karnataka,South Indian,Snack,0,120,2.1,3.8,19.5,1.8,0.7,15
Kodubale Snack,Karnataka,South Indian,Snack,0,170,3.1,9.4,18.2,0.9,0.4,18
Mysore Pak Sweet,Karnataka,South Indian,Dessert,0,340,3.2,19.8,38.5,0.4,0.3,40
Dharwad Pedha,Karnataka,South Indian,Dessert,0,290,6.4,11.2,41.2,0.0,0.2,150
Chiroti Sweet,Karnataka,South Indian,Dessert,0,260,2.8,14.2,30.5,0.6,0.4,18
Karnataka Filter Coffee,Karnataka,South Indian,Beverage,0,95,2.1,3.2,14.5,0.0,0.2,90
Karnataka Majjige,Karnataka,South Indian,Beverage,0,40,1.6,1.4,4.1,0.0,0.1,60
Kokum Juice Karnataka,Karnataka,South Indian,Beverage,0,80,0.1,0.0,19.8,0.8,0.6,12
Rice Puttu Kerala,Kerala,South Indian,Breakfast,0,200,4.0,2.0,42.0,2.0,1.0,20
Kerala Appam,Kerala,South Indian,Breakfast,0,120,2.0,2.0,24.0,1.0,1.0,10
Idiyappam Steamed,Kerala,South Indian,Breakfast,0,140,2.5,0.8,31.2,1.2,0.4,15
Kerala Sadya Feast,Kerala,South Indian,Lunch,0,450,10.8,18.5,60.2,8.4,3.2,140
Meen Pollichathu Fish,Kerala,South Indian,Lunch,1,260,22.4,15.8,4.5,1.1,2.1,35
Kerala Fish Curry,Kerala,South Indian,Lunch,1,230,20.2,12.8,6.2,0.8,1.8,30
Kappa Biryani Beef,Kerala,South Indian,Dinner,1,380,24.5,21.2,22.8,4.8,3.2,48
Kootu Curry Kerala,Kerala,South Indian,Dinner,0,190,5.2,11.5,16.5,4.2,1.8,54
Kerala Brown Rice Kanji,Kerala,South Indian,Dinner,0,130,2.4,0.8,28.2,2.1,0.8,18
Kerala Banana Chips,Kerala,South Indian,Snack,0,250,1.2,17.0,24.5,3.8,0.6,9
Pazham Pori Fritters,Kerala,South Indian,Snack,0,210,2.4,9.5,28.5,2.1,0.5,18
Unniyappam Sweet Fry,Kerala,South Indian,Snack,0,230,2.8,11.2,30.2,1.5,0.6,22
Ada Pradhaman Payasam,Kerala,South Indian,Dessert,0,290,3.8,11.5,43.5,0.9,0.5,65
Kozhikkodan Halwa Black,Kerala,South Indian,Dessert,0,320,1.8,16.2,41.8,0.5,0.3,28
Kerala Elayappam Sweet,Kerala,South Indian,Dessert,0,200,3.1,6.4,32.5,1.8,0.8,32
Kerala Sambharam,Kerala,South Indian,Beverage,0,35,1.4,1.1,3.8,0.0,0.1,52
Tender Coconut Water Fresh,Kerala,South Indian,Beverage,0,45,0.7,0.2,10.5,1.1,0.6,25
Sulaimani Tea Spiced,Kerala,South Indian,Beverage,0,25,0.1,0.0,6.2,0.0,0.1,6
MP Poha Jalebi,Madhya Pradesh,Central Indian,Breakfast,0,240,4.2,8.4,38.5,2.1,1.1,35
Bhutte Ka Kees Corn,Madhya Pradesh,Central Indian,Breakfast,0,180,4.5,6.2,26.8,3.2,1.4,42
Dal Bafla Thali,Madhya Pradesh,Central Indian,Breakfast,0,360,9.8,14.5,48.2,5.8,2.8,62
Sabudana Khichdi MP,Madhya Pradesh,Central Indian,Lunch,0,290,2.8,12.4,42.5,1.8,0.8,24
MP Sev Tamatar Curry,Madhya Pradesh,Central Indian,Lunch,0,190,3.8,12.8,14.2,2.6,1.2,32
Kulthi Dal MP,Madhya Pradesh,Central Indian,Lunch,0,180,10.2,2.1,30.5,6.1,2.9,78
MP Baigan Bharta,Madhya Pradesh,Central Indian,Dinner,0,140,2.6,8.2,13.8,4.1,1.1,26
Aloo Matar Curry MP,Madhya Pradesh,Central Indian,Dinner,0,170,3.2,9.5,18.2,3.4,1.2,28
Chana Dal MP,Madhya Pradesh,Central Indian,Dinner,0,190,8.8,3.4,29.8,5.2,2.1,48
Chakli Snack MP,Madhya Pradesh,Central Indian,Snack,0,170,3.1,9.5,18.2,1.2,0.5,18
MP Khakra Crisps,Madhya Pradesh,Central Indian,Snack,0,110,2.8,3.4,17.2,1.9,0.8,24
Samosa Snack MP,Madhya Pradesh,Central Indian,Snack,0,190,3.5,11.2,19.5,1.8,0.7,15
Mawa Bati Sweet,Madhya Pradesh,Central Indian,Dessert,0,320,5.4,16.2,38.5,0.4,0.3,110
MP Malpua Dessert,Madhya Pradesh,Central Indian,Dessert,0,310,3.8,14.5,41.2,1.1,0.8,35
Khoprapak Coconut Sweet,Madhya Pradesh,Central Indian,Dessert,0,260,2.4,12.8,33.5,1.8,0.6,22
Jaljeera Beverage Cold,Madhya Pradesh,Central Indian,Beverage,0,45,0.2,0.1,10.5,0.8,0.6,12
Shikanji Lemonade MP,Madhya Pradesh,Central Indian,Beverage,0,80,0.2,0.0,19.8,0.0,0.2,10
MP Sweet Lassi,Madhya Pradesh,Central Indian,Beverage,0,180,5.2,6.8,24.5,0.0,0.2,160
Mumbai Vada Pav,Maharashtra,West Indian,Breakfast,0,290,6.2,14.2,34.5,3.2,1.4,25
Koli Misal Pav,Maharashtra,West Indian,Breakfast,0,320,8.4,12.8,42.5,5.4,2.4,48
Kanda Poha,Maharashtra,West Indian,Breakfast,0,180,3.4,6.2,27.5,2.1,1.1,32
Pitla Bhakri Meal,Maharashtra,West Indian,Lunch,0,280,8.2,7.8,44.5,5.8,2.9,65
Varani Bhat Rice,Maharashtra,West Indian,Lunch,0,220,4.8,2.4,44.8,2.1,0.8,22
Standard Maharashtrian Thali,Maharashtra,West Indian,Lunch,0,430,11.8,16.5,58.5,6.8,3.2,110
Bharli Vangi Eggplant,Maharashtra,West Indian,Dinner,0,190,2.9,14.2,12.8,3.6,1.8,35
Katachi Amti Soup,Maharashtra,West Indian,Dinner,0,120,3.1,5.2,15.4,2.4,1.1,38
Maharashtrian Usal Curry,Maharashtra,West Indian,Dinner,0,180,7.2,8.4,18.9,4.5,2.1,48
Sabudana Vada Fry,Maharashtra,West Indian,Snack,0,210,2.4,12.8,21.2,1.1,0.6,18
Kothimbir Vadi Steamed,Maharashtra,West Indian,Snack,0,140,4.1,6.2,16.8,2.2,1.2,38
Aluvadi Patra,Maharashtra,West Indian,Snack,0,160,3.8,8.4,17.5,2.8,1.4,42
Puran Poli Sweet,Maharashtra,West Indian,Dessert,0,310,5.8,9.4,50.2,3.1,1.8,52
Shrikhand Mango,Maharashtra,West Indian,Dessert,0,280,5.4,9.8,42.5,0.0,0.2,160
Ukadiche Modak Steamed,Maharashtra,West Indian,Dessert,0,190,2.8,6.4,30.5,1.4,0.8,32
Sol Kadhi Kokum Coconut,Maharashtra,West Indian,Beverage,0,110,1.4,9.5,4.8,0.0,0.4,45
Piyush Yoghurt Drink,Maharashtra,West Indian,Beverage,0,210,5.8,8.2,28.5,0.0,0.2,190
Mango Lassi Sweet,Maharashtra,West Indian,Beverage,0,180,4.5,5.2,28.8,0.4,0.2,130
Tan Flatbread,Manipur,Northeastern,Breakfast,0,150,3.2,3.8,25.8,1.8,0.6,20
Kangshou Salad,Manipur,Northeastern,Breakfast,0,95,2.1,0.8,19.5,3.2,1.4,30
Manipur Rice Porridge,Manipur,Northeastern,Breakfast,0,130,2.4,1.1,27.5,1.2,0.5,15
Manipur Eromba Stew,Manipur,Northeastern,Lunch,0,110,2.8,1.2,22.4,3.8,1.8,32
Singju Salad Cabbage,Manipur,Northeastern,Lunch,0,75,1.9,0.5,15.4,4.2,1.6,45
Chamthong Veg Soup,Manipur,Northeastern,Lunch,0,85,2.1,0.4,18.2,3.1,1.1,28
Morok Metpa Chutney,Manipur,Northeastern,Dinner,0,60,1.1,0.2,13.5,2.1,0.8,12
Kangsoi Fish Stew,Manipur,Northeastern,Dinner,1,180,18.5,8.4,7.5,1.4,1.8,35
Pork Bamboo Shoot Manipur,Manipur,Northeastern,Dinner,1,320,22.4,25.4,4.2,1.8,2.4,38
Kabok Puffed Rice,Manipur,Northeastern,Snack,0,110,2.1,0.8,23.5,0.8,0.4,10
Manipur Roasted Nuts,Manipur,Northeastern,Snack,0,190,5.4,15.2,8.4,2.8,0.9,35
Sana Thongba Paneer,Manipur,Northeastern,Snack,0,180,8.2,12.4,9.2,1.1,0.8,150
Madhurjan Thongba Sweet,Manipur,Northeastern,Dessert,0,220,4.5,8.4,31.5,0.8,0.5,80
Sweet Rice Manipur,Manipur,Northeastern,Dessert,0,210,3.2,2.1,44.5,1.8,0.8,24
Banana Pitha Sweet,Manipur,Northeastern,Dessert,0,190,2.4,6.2,31.2,1.5,0.6,20
Manipur Black Tea,Manipur,Northeastern,Beverage,0,15,0.1,0.0,3.8,0.0,0.1,5
Manipur Herbal Tea,Manipur,Northeastern,Beverage,0,20,0.2,0.0,4.8,0.0,0.1,8
Seka Rice Juice,Manipur,Northeastern,Beverage,0,85,0.8,0.2,19.8,0.0,0.3,15
Pukhlein Sweet Rice,Meghalaya,Khasi,Breakfast,0,190,2.4,6.2,31.2,1.1,0.6,20
Meghalaya Rice Cake,Meghalaya,Khasi,Breakfast,0,140,2.8,1.2,29.5,1.5,0.4,15
Tungrymbai Soybean,Meghalaya,Khasi,Breakfast,0,160,9.2,8.4,11.8,4.2,2.4,85
Jadoh Rice Pork,Meghalaya,Khasi,Lunch,1,310,16.5,18.2,20.4,1.8,2.1,40
Doh-neiiong Sesame Pork,Meghalaya,Khasi,Lunch,1,340,22.4,26.5,3.2,1.2,2.8,52
Fish Bamboo Shoot Meghalaya,Meghalaya,Khasi,Lunch,1,230,18.5,12.8,9.8,1.5,1.8,35
Doh-khlieh Pork Salad,Meghalaya,Khasi,Dinner,1,240,20.2,16.4,2.8,0.0,1.4,30
Meghalaya Red Rice Meal,Meghalaya,Khasi,Dinner,0,280,5.8,2.1,58.5,3.2,1.8,25
Khasi Style Dal,Meghalaya,Khasi,Dinner,0,170,9.4,1.8,29.2,5.4,2.2,65
Pumaloi Powdered Rice,Meghalaya,Khasi,Snack,0,150,3.1,1.1,31.8,1.4,0.4,14
Meghalaya Veg Momo,Meghalaya,Khasi,Snack,0,140,3.8,1.9,27.2,1.8,0.6,18
Boiled Sweet Potato Khasi,Meghalaya,Khasi,Snack,0,110,1.4,0.2,25.8,3.2,1.1,28
Sakin Gata Sweet Rice,Meghalaya,Khasi,Dessert,0,240,3.2,9.4,35.8,1.2,0.5,32
Khasi Honey Bread,Meghalaya,Khasi,Dessert,0,220,4.5,5.2,38.4,1.1,0.4,22
Banana Fritter Meghalaya,Meghalaya,Khasi,Dessert,0,200,2.1,8.4,29.2,1.8,0.6,18
Sha Khasi Black Tea,Meghalaya,Khasi,Beverage,0,15,0.1,0.0,3.8,0.0,0.1,6
Spiced Ginger Tea,Meghalaya,Khasi,Beverage,0,25,0.2,0.0,6.2,0.0,0.1,8
Meghalaya Sohbar Berry Juice,Meghalaya,Khasi,Beverage,0,85,0.4,0.1,20.8,0.8,0.4,15
Buhchiar Rice porridge,Mizoram,Mizo,Breakfast,0,150,3.1,1.4,31.2,1.5,0.5,18
Mizo Rice Pitha,Mizoram,Mizo,Breakfast,0,180,2.8,1.8,38.2,1.2,0.4,15
Corn Porridge Mizo,Mizoram,Mizo,Breakfast,0,160,3.4,1.9,32.4,2.6,1.1,22
Mizo Bai Vegetable,Mizoram,Mizo,Lunch,0,110,2.4,0.8,23.2,4.2,1.8,32
Vawksa Rep Smoked Pork,Mizoram,Mizo,Lunch,1,320,24.2,24.8,2.1,0.0,2.2,45
Bamboo Shoot Stir Fry Mizo,Mizoram,Mizo,Lunch,0,95,1.8,2.5,16.4,3.8,1.2,25
Sawhchiar Rice Chicken,Mizoram,Mizo,Dinner,1,280,18.5,11.2,26.5,1.8,1.9,38
Boiled Pumpkin Leaves Mizo,Mizoram,Mizo,Dinner,0,65,2.1,0.3,13.5,2.8,1.4,52
Mizo Style Fish Curry,Mizoram,Mizo,Dinner,1,210,19.2,10.8,8.4,0.0,1.5,30
Koat Pitha Banana,Mizoram,Mizo,Snack,0,210,2.5,7.8,32.5,1.5,0.6,22
Roasted Sesame Balls Mizo,Mizoram,Mizo,Snack,0,160,4.2,11.2,10.8,2.8,1.8,140
Steamed Banana Snack,Mizoram,Mizo,Snack,0,120,1.4,0.3,27.8,2.6,0.5,15
Chhum Han Sweet Potato,Mizoram,Mizo,Dessert,0,180,1.8,0.3,42.5,3.4,1.1,32
Sweet Potato Pudding Mizo,Mizoram,Mizo,Dessert,0,240,2.8,6.5,42.8,2.1,0.8,65
Honey Rice Cake Mizo,Mizoram,Mizo,Dessert,0,220,3.1,4.2,42.5,1.1,0.5,20
Mizo Black Tea Sha,Mizoram,Mizo,Beverage,0,15,0.1,0.0,3.8,0.0,0.1,6
Ginger Drink Warm,Mizoram,Mizo,Beverage,0,40,0.2,0.0,9.8,0.0,0.2,10
Mizo Herbal Infusion,Mizoram,Mizo,Beverage,0,10,0.1,0.0,2.4,0.0,0.1,5
Nagaland Pitha Rice,Nagaland,Naga,Breakfast,0,180,2.8,1.8,38.2,1.2,0.4,15
Nagaland Galho Rice,Nagaland,Naga,Breakfast,0,210,5.2,4.2,37.8,2.8,1.1,28
Naga Millet Porridge,Nagaland,Naga,Breakfast,0,160,3.8,1.9,32.4,4.2,1.9,110
Smoked Pork with Bamboo Shoot,Nagaland,Naga,Lunch,1,350,22.4,28.5,3.2,1.5,2.4,38
Axone Curry Fermented Soy,Nagaland,Naga,Lunch,0,180,9.2,11.8,9.5,3.8,2.1,85
Fish in Bamboo Container,Nagaland,Naga,Lunch,1,240,21.2,12.8,4.2,0.0,1.5,30
Chicken with Anishi Yam,Nagaland,Naga,Dinner,1,310,24.5,18.5,11.2,2.4,2.1,40
Naga Style Dal,Nagaland,Naga,Dinner,0,160,9.2,1.8,26.5,4.8,2.1,62
Boiled Green Beans Naga,Nagaland,Naga,Dinner,0,75,2.1,0.2,15.8,3.2,1.1,35
Naga Style Pork Momo,Nagaland,Naga,Snack,1,220,9.8,11.5,19.5,1.4,1.2,28
Roasted Maize Naga,Nagaland,Naga,Snack,0,120,3.1,1.6,24.2,3.4,1.1,20
Steamed Yam Colocasia,Nagaland,Naga,Snack,0,140,2.1,0.3,32.5,3.8,1.2,45
Nagaland Sweet Cake,Nagaland,Naga,Dessert,0,260,3.8,9.5,39.8,1.1,0.5,25
Honey Glazed Walnuts Naga,Nagaland,Naga,Dessert,0,290,6.2,22.4,15.8,3.1,1.2,48
Naga Banana Pitha,Nagaland,Naga,Dessert,0,210,2.5,7.8,32.5,1.5,0.6,22
Naga Black Tea,Nagaland,Naga,Beverage,0,15,0.1,0.0,3.8,0.0,0.1,6
Spiced Ginger Tea Naga,Nagaland,Naga,Beverage,0,25,0.2,0.0,6.2,0.0,0.1,8
Naga Herbal Infusion,Nagaland,Naga,Beverage,0,10,0.1,0.0,2.4,0.0,0.1,5
Dahibara Aloodum,Odisha,Odia,Breakfast,0,290,8.4,11.2,38.5,4.2,1.9,110
Odia Chakuli Pitha,Odisha,Odia,Breakfast,0,160,3.5,1.8,32.4,1.6,0.5,18
Podapitha Sweet Cake,Odisha,Odia,Breakfast,0,240,4.2,8.5,36.8,1.9,0.8,35
Odia Dalma Dal Veg,Odisha,Odia,Lunch,0,180,8.2,3.8,28.5,5.2,2.2,54
Pakhala Bhata Water Rice,Odisha,Odia,Lunch,0,210,3.8,1.2,46.2,2.1,0.8,24
Macha Besara Mustard Fish,Odisha,Odia,Lunch,1,260,20.5,15.2,9.8,1.2,2.1,40
Kanika Sweet Rice Thali,Odisha,Odia,Dinner,0,320,5.2,9.8,52.8,2.4,1.2,35
Saga Bhaja Spinach,Odisha,Odia,Dinner,0,95,2.8,4.2,11.5,2.8,1.6,110
Santula Boiled Veg,Odisha,Odia,Dinner,0,110,1.9,3.1,18.5,3.4,1.1,28
Odia Bara Dahi,Odisha,Odia,Snack,0,190,5.1,9.2,21.8,2.4,1.1,75
Odia Gupchup Puchka,Odisha,Odia,Snack,0,140,2.8,4.5,22.1,1.8,0.7,15
Chena Jhili Sweet Fry,Odisha,Odia,Snack,0,240,5.4,11.8,28.2,0.6,0.4,85
Chhena Poda Baked,Odisha,Odia,Dessert,0,280,8.2,14.5,29.5,0.5,0.4,150
Odia Rasagola Syrupy,Odisha,Odia,Dessert,0,210,4.1,1.8,44.2,0.0,0.2,95
Chhena Gaja Dry,Odisha,Odia,Dessert,0,260,6.2,10.8,34.5,0.4,0.3,110
Bela Pana Wood Apple,Odisha,Odia,Beverage,0,160,1.2,0.4,38.5,3.8,1.9,45
Tanka Torani Curd Water,Odisha,Odia,Beverage,0,50,1.8,1.1,8.2,0.0,0.2,68
Sweet Lassi Odia,Odisha,Odia,Beverage,0,180,5.2,6.4,25.4,0.0,0.2,140
Amritsari Kulcha Chole,Punjab,Punjabi,Breakfast,0,360,10.5,12.8,50.2,6.2,2.8,58
Punjab Aloo Paratha ghee,Punjab,Punjabi,Breakfast,0,290,6.8,11.2,41.5,4.8,2.1,35
Paneer Paratha Punjab,Punjab,Punjabi,Breakfast,0,320,11.5,14.2,36.8,3.2,1.8,150
Sarson Ka Saag Makki Roti,Punjab,Punjabi,Lunch,0,340,8.2,15.4,42.5,8.4,3.4,98
Dal Makhani Creamy,Punjab,Punjabi,Lunch,0,290,8.8,16.2,28.4,6.2,2.5,82
Chole Bhature,Punjab,Punjabi,Lunch,0,450,12.4,22.5,50.2,7.8,3.1,64
Punjab Butter Chicken,Punjab,Punjabi,Dinner,1,380,26.2,24.5,12.8,1.8,2.4,45
Rajma Masala Kidney Beans,Punjab,Punjabi,Dinner,0,260,11.2,8.4,35.8,6.8,2.8,65
Kadhi Chawal Punjabi,Punjab,Punjabi,Dinner,0,310,8.4,9.8,48.2,3.2,1.5,52
Punjab Paneer Pakora,Punjab,Punjabi,Snack,0,220,9.8,15.4,10.5,1.2,1.1,140
Amritsari Fish Fry,Punjab,Punjabi,Snack,1,260,20.8,16.5,7.4,0.0,1.6,32
Samosa Potato Snack,Punjab,Punjabi,Snack,0,190,3.5,10.8,19.8,1.8,0.7,15
Punjab Gajar Ka Halwa,Punjab,Punjabi,Dessert,0,320,5.4,16.5,38.5,1.5,0.8,110
Punjab Phirni Creamy,Punjab,Punjabi,Dessert,0,260,5.8,8.2,41.2,0.0,0.2,130
Punjab Pinni Sweet,Punjab,Punjabi,Dessert,0,280,6.2,14.8,32.5,1.9,0.9,45
Punjab Sweet Lassi Tall,Punjab,Punjabi,Beverage,0,220,5.8,8.4,30.5,0.0,0.2,210
Punjab Chaas Salted,Punjab,Punjabi,Beverage,0,50,2.2,1.8,4.8,0.0,0.1,85
Punjab Masala Chai,Punjab,Punjabi,Beverage,0,95,2.4,3.2,14.8,0.0,0.2,92
Pyaz Kachori Spicy,Rajasthan,Rajasthani,Breakfast,0,260,4.8,15.2,26.5,2.4,1.2,28
Mirchi Bada Fried,Rajasthan,Rajasthani,Breakfast,0,210,3.8,12.8,19.8,1.8,0.9,22
Kalmi Vada Gram,Rajasthan,Rajasthani,Breakfast,0,190,5.4,11.2,16.8,2.6,1.4,35
Dal Baati Churma Ghee,Rajasthan,Rajasthani,Lunch,0,460,11.5,22.4,52.8,8.2,3.2,95
Gatte Ki Sabji Curry,Rajasthan,Rajasthani,Lunch,0,210,7.8,14.5,12.4,2.8,1.9,65
Ker Sangri Rajasthani,Rajasthan,Rajasthani,Lunch,0,170,3.4,12.8,10.2,4.8,2.4,48
Rajasthan Laal Maas,Rajasthan,Rajasthani,Dinner,1,350,24.5,26.5,4.2,0.8,3.4,55
Bajra Rotla Rajasthan,Rajasthan,Rajasthani,Dinner,0,190,4.8,2.8,36.5,4.5,2.4,42
Rajasthani Panchmel Dal,Rajasthan,Rajasthani,Dinner,0,180,9.8,3.4,28.2,5.4,2.2,68
Bikaneri Bhujia Gram,Rajasthan,Rajasthani,Snack,0,160,4.2,11.8,9.2,1.1,0.8,25
Rajasthani Mathri,Rajasthan,Rajasthani,Snack,0,180,3.5,10.8,18.2,1.2,0.6,18
Kadhi Kachori Snack,Rajasthan,Rajasthani,Snack,0,290,5.8,16.4,30.5,2.1,1.1,35
Rajasthani Ghevar Sweet,Rajasthan,Rajasthani,Dessert,0,380,4.8,19.5,46.5,0.8,0.6,45
Mawa Kachori Rich,Rajasthan,Rajasthani,Dessert,0,420,7.2,22.8,48.5,1.2,0.8,110
Dil Khushal Mohanthal,Rajasthan,Rajasthani,Dessert,0,310,5.2,16.8,34.5,1.4,0.7,85
Rajasthani Chaas Masala,Rajasthan,Rajasthani,Beverage,0,45,1.8,1.6,4.5,0.0,0.1,70
Jaljeera Beverage Cold,Rajasthan,Rajasthani,Beverage,0,45,0.2,0.1,10.5,0.8,0.6,12
Rajasthani Thandai Sweet,Rajasthan,Rajasthani,Beverage,0,160,4.5,6.8,20.4,1.2,0.8,120
Sael Roti Rice Ring,Sikkim,Sikkimese,Breakfast,0,220,3.8,9.4,30.5,1.5,0.6,20
Thukpa Sikkim Bowl,Sikkim,Sikkimese,Breakfast,0,210,6.2,3.4,38.5,2.8,1.2,30
Gundruk Soup Fermented,Sikkim,Sikkimese,Breakfast,0,65,2.4,0.2,12.8,3.4,1.9,45
Sikkim Veg Momos,Sikkim,Sikkimese,Lunch,0,150,3.8,2.1,28.5,1.8,0.6,18
Phagshapa Pork Radish,Sikkim,Sikkimese,Lunch,1,310,22.4,24.5,4.2,1.1,2.4,35
Sikkim Sha Phaley,Sikkim,Sikkimese,Lunch,1,260,12.8,14.2,20.5,2.1,1.5,28
Kinema Curry Fermented Soy,Sikkim,Sikkimese,Dinner,0,180,9.5,11.2,9.8,3.6,2.1,80
Bhat Dal Sikkim,Sikkim,Sikkimese,Dinner,0,290,8.4,2.2,58.2,4.5,2.1,48
Bamboo shoot stir-fry Sikkim,Sikkim,Sikkimese,Dinner,0,95,1.8,2.5,16.4,3.8,1.2,25
Sikkim Churpi Cheese,Sikkim,Sikkimese,Snack,0,220,18.5,14.2,4.5,0.0,0.2,280
Sikkim Alu Dum,Sikkim,Sikkimese,Snack,0,120,2.1,4.8,17.5,2.4,0.9,18
Roasted Barley Sikkim,Sikkim,Sikkimese,Snack,0,110,3.2,1.2,22.4,4.2,1.6,25
Sikkim Sweet Bread Khabzey,Sikkim,Sikkimese,Dessert,0,240,3.5,8.4,38.2,1.1,0.4,22
Sikkim Honey Cake,Sikkim,Sikkimese,Dessert,0,260,3.8,9.2,41.5,1.2,0.5,24
Sikkim Banana Pitha,Sikkim,Sikkimese,Dessert,0,210,2.5,7.8,32.5,1.5,0.6,22
Temi Tea Sikkim Organic,Sikkim,Sikkimese,Beverage,0,10,0.1,0.0,2.4,0.0,0.1,4
Sikkimese Tongba brew,Sikkim,Sikkimese,Beverage,0,120,1.8,0.5,26.5,1.8,1.1,30
Black Tea Sikkim Style,Sikkim,Sikkimese,Beverage,0,15,0.1,0.0,3.8,0.0,0.1,6
Idli Sambar Tamilnadu,Tamil Nadu,South Indian,Breakfast,0,156,5.0,1.7,30.2,2.1,0.7,4
Ven Pongal Ghee,Tamil Nadu,South Indian,Breakfast,0,220,5.4,10.2,26.5,2.8,1.1,35
Rava Upma Breakfast,Tamil Nadu,South Indian,Breakfast,0,180,4.2,6.2,26.8,3.2,1.4,42
Tamilnadu Sambar Rice,Tamil Nadu,South Indian,Lunch,0,280,6.2,5.8,50.2,4.8,1.8,38
Chicken Chettinad Spicy,Tamil Nadu,South Indian,Lunch,1,320,24.5,22.1,5.4,1.8,2.4,45
Tamilnadu Veg Kootu,Tamil Nadu,South Indian,Lunch,0,140,2.8,8.4,13.5,3.8,1.8,65
Appam with Coconut Stew,Tamil Nadu,South Indian,Dinner,0,190,3.1,11.2,19.5,1.8,1.1,22
Tamilnadu Parotta Kurma,Tamil Nadu,South Indian,Dinner,0,310,6.4,14.5,38.2,2.4,1.4,32
Tamilnadu Curd Rice Rasam,Tamil Nadu,South Indian,Dinner,0,180,4.8,5.2,28.5,0.6,0.4,110
Medu Vada Crispy,Tamil Nadu,South Indian,Snack,0,190,5.2,9.8,20.4,3.1,1.2,24
Masala Vada Fried,Tamil Nadu,South Indian,Snack,0,210,4.8,11.5,22.8,3.4,1.5,26
Butter Murukku Crunchy,Tamil Nadu,South Indian,Snack,0,160,2.8,8.9,18.2,0.8,0.5,12
Semiya Payasam Sweet,Tamil Nadu,South Indian,Dessert,0,260,4.5,7.8,43.5,0.5,0.3,115
Sweet Kozhukattai Steamed,Tamil Nadu,South Indian,Dessert,0,200,3.1,6.2,32.5,1.8,0.8,32
Rava Kesari Orange,Tamil Nadu,South Indian,Dessert,0,280,2.4,12.8,38.5,1.2,0.6,22
Madras Filter Coffee,Tamil Nadu,South Indian,Beverage,0,95,2.1,3.2,14.5,0.0,0.2,90
Nannari Sarbath Cold,Tamil Nadu,South Indian,Beverage,0,80,0.1,0.0,19.8,0.8,0.6,12
Madurai Jigarthanda Milk,Tamil Nadu,South Indian,Beverage,0,240,6.5,11.8,27.5,0.3,0.2,165
Telangana Sarva Pindi,Telangana,South Indian,Breakfast,0,210,4.5,8.2,29.5,2.8,1.1,28
Telangana Pesarattu,Telangana,South Indian,Breakfast,0,220,9.2,5.1,38.4,6.2,2.1,45
Telangana Idli Majjiga,Telangana,South Indian,Breakfast,0,150,4.8,0.8,32.2,1.8,0.4,22
Hyderabadi Chicken Biryani,Telangana,Hyderabadi,Lunch,1,380,24.5,16.5,34.5,3.2,2.4,52
Telangana Mutton Curry,Telangana,Telangana,Lunch,1,340,24.2,21.0,6.4,2.8,3.8,62
Pacchi Pulusu Tamarind,Telangana,Telangana,Lunch,0,80,0.8,4.5,9.5,1.8,0.9,15
Bagara Rice Meal,Telangana,Hyderabadi,Dinner,0,290,5.8,8.4,48.2,2.4,1.2,28
Mirchi Ka Salan Curry,Telangana,Hyderabadi,Dinner,0,190,3.1,14.5,11.8,2.8,1.4,38
Telangana Tomato Pappu,Telangana,Telangana,Dinner,0,180,7.8,4.2,26.5,4.8,1.8,38
Sakinalu Rice rings,Telangana,Telangana,Snack,0,170,3.1,9.4,18.2,0.9,0.4,18
Telangana Punugulu,Telangana,Telangana,Snack,0,210,4.2,11.5,23.8,1.6,0.6,20
Garijalu Sweet Fry,Telangana,Telangana,Snack,0,240,4.1,11.8,29.2,1.4,0.6,22
Qubani Ka Meetha Apricot,Telangana,Hyderabadi,Dessert,0,280,2.1,8.4,49.5,2.8,1.9,45
Double Ka Meetha Bread,Telangana,Hyderabadi,Dessert,0,310,5.4,14.5,40.2,0.4,0.3,110
Ariselu Sesame Sweet,Telangana,Telangana,Dessert,0,260,3.8,11.2,36.2,1.1,0.8,85
Hyderabadi Irani Chai,Telangana,Hyderabadi,Beverage,0,110,2.8,4.2,15.4,0.0,0.2,110
Telangana Sweet Majjiga,Telangana,Telangana,Beverage,0,45,1.8,1.5,4.2,0.0,0.1,65
Sweet Neera Beverage,Telangana,Telangana,Beverage,0,95,0.4,0.1,23.2,0.8,0.4,18
Tripura Rice Pitha,Tripura,Tripuri,Breakfast,0,180,2.8,1.8,38.2,1.2,0.4,15
Tripura Rice porridge,Tripura,Tripuri,Breakfast,0,130,2.4,1.1,27.5,1.2,0.5,15
Tan Flatbread Tripura,Tripura,Tripuri,Breakfast,0,150,3.2,3.8,25.8,1.8,0.6,20
Mui Borok Fish,Tripura,Tripuri,Lunch,1,190,18.5,10.8,4.2,1.1,1.8,35
Chakhwi Veg Stew,Tripura,Tripuri,Lunch,0,120,2.4,6.2,13.8,3.4,1.2,28
Kosoi Bwtwi Beans,Tripura,Tripuri,Lunch,0,95,3.2,0.8,18.5,4.1,1.6,42
Gudok Veg Mash,Tripura,Tripuri,Dinner,0,110,2.1,0.4,24.5,3.6,1.4,24
Tripura style fish curry,Tripura,Tripuri,Dinner,1,210,19.2,10.8,8.4,0.0,1.5,30
Mosdeng Chicken Salad,Tripura,Tripuri,Dinner,1,180,22.4,9.8,1.2,0.0,1.1,22
Tripura Veg Momo,Tripura,Tripuri,Snack,0,140,3.8,1.9,27.2,1.8,0.6,18
Roasted Sesame Cake Tripura,Tripura,Tripuri,Snack,0,160,4.2,11.2,10.8,2.8,1.8,140
Banana Fritters Tripura,Tripura,Tripuri,Snack,0,200,2.1,8.4,29.2,1.8,0.6,18
Tripura Sweet Rice Cake,Tripura,Tripuri,Dessert,0,240,3.2,9.4,35.8,1.2,0.5,32
Tripura Honey Fruit Salad,Tripura,Tripuri,Dessert,0,120,1.5,0.5,28.5,3.1,0.6,20
Tripura Pitha Sweet,Tripura,Tripuri,Dessert,0,190,2.4,6.2,31.2,1.5,0.6,20
Tripura Organic Green Tea,Tripura,Tripuri,Beverage,0,10,0.1,0.0,2.4,0.0,0.1,4
Spiced Ginger Tea Tripura,Tripura,Tripuri,Beverage,0,25,0.2,0.0,6.2,0.0,0.1,8
Tripura Black Tea,Tripura,Tripuri,Beverage,0,15,0.1,0.0,3.8,0.0,0.1,6
Bedmi Poori Aloo,Uttar Pradesh,North Indian,Breakfast,0,310,5.8,16.2,35.8,3.2,1.4,30
UP Kachori Sabji,Uttar Pradesh,North Indian,Breakfast,0,280,5.4,14.8,31.2,2.8,1.1,28
Jalebi Breakfast UP,Uttar Pradesh,North Indian,Breakfast,0,260,2.8,9.5,41.5,0.8,0.6,15
UP Veg Thali Standard,Uttar Pradesh,North Indian,Lunch,0,410,11.8,12.8,62.8,6.8,3.2,110
Dal Tadka UP,Uttar Pradesh,North Indian,Lunch,0,190,9.2,5.4,26.5,5.2,2.1,45
Paneer Butter Masala UP,Uttar Pradesh,North Indian,Lunch,0,320,11.5,24.8,12.4,1.2,1.1,150
UP Mutton Korma,Uttar Pradesh,North Indian,Dinner,1,350,24.5,26.5,4.2,0.8,3.4,55
UP Veg Biryani Tehri,Uttar Pradesh,North Indian,Dinner,0,290,6.2,8.5,48.2,3.2,1.5,35
Aloo Dum UP,Uttar Pradesh,North Indian,Dinner,0,170,3.2,9.5,18.2,3.4,1.2,28
Samosa UP Style,Uttar Pradesh,North Indian,Snack,0,190,3.5,10.8,19.8,1.8,0.7,15
Aloo Tikki Chaat,Uttar Pradesh,North Indian,Snack,0,220,4.2,8.4,31.5,2.1,1.1,25
UP Golgappe Panipuri,Uttar Pradesh,North Indian,Snack,0,120,2.1,1.8,23.5,1.1,0.6,12
UP Gulab Jamun Sweet,Uttar Pradesh,North Indian,Dessert,0,310,2.9,15.4,42.1,0.5,0.4,12
Mathura Peda Sweet,Uttar Pradesh,North Indian,Dessert,0,290,6.4,11.2,41.2,0.0,0.2,150
UP Rabdi Sweet Cream,Uttar Pradesh,North Indian,Dessert,0,320,7.2,16.5,35.8,0.0,0.1,190
UP Thandai Milk,Uttar Pradesh,North Indian,Beverage,0,160,4.5,6.8,20.4,1.2,0.8,120
UP Sweet Lassi,Uttar Pradesh,North Indian,Beverage,0,190,5.4,7.2,26.5,0.0,0.2,180
UP Shikanji Lemonade,Uttar Pradesh,North Indian,Beverage,0,80,0.2,0.0,19.8,0.0,0.2,10
Gahat Ke Paranthe,Uttarakhand,Pahari,Breakfast,0,270,7.8,8.4,42.5,4.8,2.4,45
Mandua Ki Roti Millet,Uttarakhand,Pahari,Breakfast,0,160,4.2,1.5,32.4,4.5,2.2,180
Jhangora Kheer Millet,Uttarakhand,Pahari,Breakfast,0,240,5.2,6.2,41.5,2.1,1.1,120
Kafuli Spinach Curry,Uttarakhand,Pahari,Lunch,0,130,3.4,6.4,14.5,3.8,2.1,110
Phaanu Lentil Mash,Uttarakhand,Pahari,Lunch,0,180,9.8,3.5,28.2,5.1,2.4,65
Chainsoo Urad Dal,Uttarakhand,Pahari,Lunch,0,190,10.4,2.8,30.5,5.4,2.6,75
Bhatt Ki Churkani Soy,Uttarakhand,Pahari,Dinner,0,190,11.2,4.5,26.2,6.8,2.9,85
Aloo Ke Gutke Potatoes,Uttarakhand,Pahari,Dinner,0,150,2.8,6.5,20.4,2.6,0.9,22
Uttarakhand Dubuk Mash,Uttarakhand,Pahari,Dinner,0,170,9.2,2.1,28.5,4.8,2.1,62
Bhang Ki Chutney dip,Uttarakhand,Pahari,Snack,0,110,3.1,9.2,4.2,1.8,1.2,35
Pahari Mathri Snack,Uttarakhand,Pahari,Snack,0,180,3.5,10.8,18.2,1.2,0.6,18
Roasted Wheat Pahari,Uttarakhand,Pahari,Snack,0,120,4.1,1.5,23.5,3.8,1.6,24
Singori Sweet Leaf,Uttarakhand,Pahari,Dessert,0,260,6.2,12.8,30.5,0.4,0.3,140
Bal Mithai Brown Chocolate,Uttarakhand,Pahari,Dessert,0,320,5.4,10.5,52.4,0.8,0.5,80
Pahari Arsa Jaggery,Uttarakhand,Pahari,Dessert,0,240,2.4,7.8,41.5,1.1,0.6,32
Buransh Rhododendron Juice,Uttarakhand,Pahari,Beverage,0,90,0.2,0.0,22.4,0.8,0.6,15
Pahari Herbal Tea Spiced,Uttarakhand,Pahari,Beverage,0,15,0.1,0.0,3.8,0.0,0.1,6
Pahari Honey Ginger Water,Uttarakhand,Pahari,Beverage,0,65,0.1,0.0,16.5,0.0,0.2,8
Radhaballabhi Luchi Chana,West Bengal,Bengali,Breakfast,0,280,6.8,11.2,38.5,3.8,1.8,35
Luchi Alur Dom,West Bengal,Bengali,Breakfast,0,290,4.8,14.5,35.2,2.9,1.1,28
Bengali Kochuri Sabji,West Bengal,Bengali,Breakfast,0,260,5.1,12.4,32.5,2.8,0.9,25
Macher Jhol Fish Curry,West Bengal,Bengali,Lunch,1,230,19.5,11.2,9.8,1.1,2.1,38
Bengali Shukto Veg,West Bengal,Bengali,Lunch,0,140,2.4,8.4,13.8,3.6,1.4,52
Dhokar Dalna Lentil,West Bengal,Bengali,Lunch,0,210,8.2,10.5,21.2,4.1,1.8,48
Kosha Mangsho Mutton,West Bengal,Bengali,Dinner,1,360,25.4,26.5,5.2,1.4,3.4,58
Aloo Posto Poppy Seed,West Bengal,Bengali,Dinner,0,190,3.1,14.2,12.8,3.2,1.2,32
Bengali Cholar Dal Luchi,West Bengal,Bengali,Dinner,0,280,8.4,11.2,36.4,4.5,1.9,45
Bengali Jhalmuri Mix,West Bengal,Bengali,Snack,0,130,2.8,4.2,21.4,1.8,0.7,15
Bengali Vegetable Chop,West Bengal,Bengali,Snack,0,170,3.2,8.4,21.2,2.4,0.9,18
Fish Kabiraji Cutlet,West Bengal,Bengali,Snack,1,290,18.5,16.4,18.5,0.8,1.4,30
Rasgulla Sweet,West Bengal,Bengali,Dessert,0,150,2.4,1.8,31.8,0.0,0.2,85
Sandesh Paneer Sweet,West Bengal,Bengali,Dessert,0,180,5.2,8.4,21.5,0.0,0.1,115
Bengali Mishti Doi,West Bengal,Bengali,Dessert,0,210,4.8,6.2,33.4,0.0,0.1,140
Darjeeling Tea Black,West Bengal,Bengali,Beverage,0,10,0.1,0.0,2.4,0.0,0.1,4
Fresh Daab Er Pani,West Bengal,Bengali,Beverage,0,45,0.7,0.2,10.5,1.1,0.6,25
Bengali Ghhol buttermilk,West Bengal,Bengali,Beverage,0,80,2.1,3.1,11.2,0.0,0.2,75
